PRONOUN_HIM_MALE_IND	"à lui"
PRONOUN_HIM_FEMALE_IND	"à elle"
PRONOUN_HIS_MALE_FEM	"sa"
PRONOUN_HIS_MALE_PLUR	"ses"
PRONOUN_HIS_FEMALE_FEM	"sa"
PRONOUN_HIS_FEMALE_PLUR	"ses"
PRONOUN_HIS_MALE_FEM_CAP	"Sa"
PRONOUN_HIS_MALE_PLUR_CAP 	"Ses"
PRONOUN_HIS_FEMALE_FEM_CAP	"Sa"
PRONOUN_HIS_FEMALE_PLUR_CAP 	"Ses"
BARBARIAN_ARTICLE 	"les terres arides"
BARBARIAN_ARTICLE_PREPOSITION	"des terres arides"
GREEK_ARTICLE		"la Grèce"
GREEK_PREPOSITION	"de la Grèce"
AMERICAN_ARTICLE	"les Etats-Unis"
AMERICAN_PREPOSITION	"des Etats-Unis"
SCOTTISH_ARTICLE	"l'Ecosse"
SCOTTISH_PREPOSITION	"de l'Ecosse"
IRISH_ARTICLE		"l'Irlande"
IRISH_PREPOSITION	"de l'Irlande"
ENGLISH_ARTICLE		"l'Angleterre"
ENGLISH_PREPOSITION	"de l'Angleterre"
NATIVE_AMERICAN_ARTICLE	"l'Amérique du nord"
NATIVE_AMERICAN_PREPOSITION	"de l'Amérique du nord"
GERMAN_ARTICLE		"l'Allemagne"
GERMAN_PREPOSITION	"de l'Allemagne"
FRENCH_ARTICLE		"la France"
FRENCH_PREPOSITION	"de la France"
JAPANESE_ARTICLE	"le Japon"
JAPANESE_PREPOSITION	"du Japon"
CHINESE_ARTICLE		"la Chine"
CHINESE_PREPOSITION	"de la Chine"
RUSSIAN_ARTICLE		"la Russie"
RUSSIAN_PREPOSITION	"de la Russie"
SPANISH_ARTICLE 	"l'Espagne"
SPANISH_PREPOSITION	"de l'Espagne"
PORTUGUESE_ARTICLE	"le Portugal"
PORTUGUESE_PREPOSITION	"du Portugal"
DUTCH_ARTICLE		"les Pays-Bas"
DUTCH_PREPOSITION	"des Pays-Bas"
VIKING_ARTICLE		"l'empire Viking"
VIKING_PREPOSITION	"de l'empire Viking"
ROMAN_PREPOSITION	"de Rome"
EGYPTIAN_ARTICLE	"l'Egypte"
EGYPTIAN_PREPOSITION	"de l'Egypte"
PERSIAN_ARTICLE		"la Perse"
PERSIAN_PREPOSITION	"de la Perse"
TURKISH_ARTICLE		"la Turquie"
TURKISH_PREPOSITION	"de la Turquie"
PHOENICIAN_ARTICLE	"la Phénicie"
PHOENICIAN_PREPOSITION	"de la Phénicie"
WELSH_ARTICLE		"le Pays de Galles"
WELSH_PREPOSITION	"du Pays de Galles"
CUBAN_PREPOSITION	"de Cuba"
ZULU_ARTICLE		"le Zoulouland"
ZULU_COUNTRY_NAME_PREPOSITION	"du Zoulouland"
HEBREW_PREPOSITION	"d'Israël"
ASSYRIAN_ARTICLE	"l'Assyrie"
ASSYRIAN_PREPOSITION	"de l'Assyrie"
INDIAN_ARTICLE		"l'Inde"
INDIAN_PREPOSITION	"de l'Inde"
THAI_ARTICLE		"la Thaïlande"
THAI_PREPOSITION	"de la Thaïlande"
POLYNESIAN_ARTICLE	"la Polynésie"
POLYNESIAN_PREPOSITION	"de la Polynésie"
INDONESIAN_ARTICLE	"l'Indonésie"
INDONESIAN_PREPOSITION	"de l'Indonésie"
JAMAICAN_ARTICLE	"la Pologne"
JAMAICAN_PREPOSITION	"de la Pologne"
INCAN_ARTICLE		"le royaume inca"
INCAN_PREPOSITION	"du royaume inca"
MAYAN_ARTICLE		"le royaume maya"
MAYAN_PREPOSITION	"du royaume maya"
CANADIANS_ARTICLE	"le Canada"
CANADIANS_PREPOSITION	"du Canada"
NIGERIAN_ARTICLE	"le Nigeria"
NIGERIAN_PREPOSITION	"du Nigeria"
KOREAN_ARTICLE		"la Corée"
KOREAN_PREPOSITION	"de la Corée"
BRAZILIAN_ARTICLE	"le Brésil"
BRAZILIAN_PREPOSITION	"du Brésil"
AUSTRALIAN_ARTICLE	"l'Australie"
AUSTRALIAN_PREPOSITION	"de l'Australie"
MEXICAN_ARTICLE		"le Mexique"
MEXICAN_PREPOSITION	"du Mexique"
ETHIOPIAN_ARTICLE	"l'Ethiopie"
ETHIOPIAN_PREPOSITION	"de l'Ethiopie"
MONGOL_ARTICLE		"la Mongolie"
MONGOL_PREPOSITION	"de la Mongolie"
NICARAGUAN_ARTICLE	"le Nicaragua"
NICARAGUAN_PREPOSITION	"du Nicaragua"
AZTEC_ARTICLE		"l'empire Aztèque"
AZTEC_PREPOSITION	"de l'empire Aztèque"
NUBIAN_ARTICLE		"la Nubie"
NUBIAN_PREPOSITION	"de la Nubie"
ARABIAN_ARTICLE		"l'Arabie"
ARABIAN_PREPOSITION	"de l'Arabie"
CARTHAGINIAN_ARTICLE	"l'empire Carthaginois"
CARTHAGINIAN_PREPOSITION	"de l'empire Carthaginois"
BABYLONIAN_ARTICLE	"la Mésopotamie"
BABYLONIAN_PREPOSITION	"de la Mésopotamie"
BYZANTINE_ARTICLE	"l'empire Byzantin"
BYZANTINE_PREPOSITION	"de l'empire Byzantin"
AUSTRIAN_ARTICLE	"l'Autriche"
AUSTRIAN_PREPOSITION	"de l'Autriche"
SWEDISH_ARTICLE		"la Suède"
SWEDISH_PREPOSITION	"de la Suède"
CELTIC_ARTICLE		"l'empire Celte"
CELTIC_PREPOSITION	"de l'empire Celte"
ITALIAN_ARTICLE		"l'Italie"
ITALIAN_PREPOSITION	"de l'Italie"
BANTU_ARTICLE		"la nation Bantou"
BANTU_PREPOSITION	"de la nation Bantou"
SLAVIC_ARTICLE		"la nation Slave"
SLAVIC_PREPOSITION	"de la nation Slave"
MINOAN_ARTICLE		"la Crète"
MINOAN_PREPOSITION	"de la Crète"
HARAPPAN_ARTICLE	"l'Indus"
HARAPPAN_PREPOSITION	"de l'Indus"
HITTITE_ARTICLE		"l'empire Hittite"
HITTITE_PREPOSITION	"de l'empire Hittite"
SHANG_ARTICLE		"l'empire Shang"
SHANG_PREPOSITION	"de l'empire Shang"
ETRUSCAN_ARTICLE	"l'Etrurie"
ETRUSCAN_PREPOSITION	"de l'Etrurie"
ABORIGINE_ARTICLE	"la nation Aborigène"
ABORIGINE_PREPOSITION	"de la nation Aborigène"
ARGENTINIAN_ARTICLE	"l'Argentine"
ARGENTINIAN_PREPOSITION	"de l'Argentine"
KHMER_ARTICLE		"le Kampuchea"
KHMER_PREPOSITION	"du Kampuchea"
MALIAN_ARTICLE		"le Mali"
MALIAN_PREPOSITION	"du Mali"

ADVANCE_TOOLMAKING_ARTICLE			"la fabrication d'outils"
ADVANCE_TOOLMAKING_PREPOSITION			"de la fabrication d'outils"
ADVANCE_AGRICULTURE_ARTICLE			"l'agriculture"
ADVANCE_AGRICULTURE_PREPOSITION			"de l'agriculture"
ADVANCE_STONE_WORKING_ARTICLE			"le travail de la pierre"
ADVANCE_STONE_WORKING_PREPOSITION		"du travail de la pierre"
ADVANCE_RELIGION_ARTICLE			"la religion"
ADVANCE_RELIGION_PREPOSITION			"de la religion"
ADVANCE_WRITING_ARTICLE				"l'écriture"
ADVANCE_WRITING_PREPOSITION			"de l'écriture"
ADVANCE_SHIP_BUILDING_ARTICLE			"la construction navale"
ADVANCE_SHIP_BUILDING_PREPOSITION		"de la construction navale"
ADVANCE_BRONZE_WORKING_ARTICLE			"le travail du bronze"
ADVANCE_BRONZE_WORKING_PREPOSITION		"du travail du bronze"
ADVANCE_JURISPRUDENCE_ARTICLE			"la jurisprudence"
ADVANCE_JURISPRUDENCE_PREPOSITION		"de la jurisprudence"
ADVANCE_BALLISTICS_ARTICLE			"la balistique"
ADVANCE_BALLISTICS_PREPOSITION			"de la balistique"
ADVANCE_SLAVE_LABOR_ARTICLE			"l'esclavage"
ADVANCE_SLAVE_LABOR_PREPOSITION			"de l'esclavage"
ADVANCE_MASONRY_ARTICLE				"la maçonnerie"
ADVANCE_MASONRY_PREPOSITION			"de la maçonnerie"
ADVANCE_DRAMA_ARTICLE				"le théâtre"
ADVANCE_DRAMA_PREPOSITION			"du théâtre"
ADVANCE_TRADE_ARTICLE				"le commerce"
ADVANCE_TRADE_PREPOSITION			"du commerce"
ADVANCE_IRON_WORKING_ARTICLE			"le travail du fer"
ADVANCE_IRON_WORKING_PREPOSITION		"du travail du fer"
ADVANCE_HORSE_RIDING_ARTICLE			"l'équitation"
ADVANCE_HORSE_RIDING_PREPOSITION		"de l'équitation"
ADVANCE_PHILOSOPHY_ARTICLE			"la philosophie"
ADVANCE_PHILOSOPHY_PREPOSITION			"de la philosophie"
ADVANCE_MONARCHY_ARTICLE			"la monarchie"
ADVANCE_MONARCHY_PREPOSITION			"de la monarchie"
ADVANCE_CONCRETE_ARTICLE			"le béton"
ADVANCE_CONCRETE_PREPOSITION			"du béton"
ADVANCE_ALCHEMY_ARTICLE				"l'alchimie"
ADVANCE_ALCHEMY_PREPOSITION			"de l'alchimie"
ADVANCE_FEUDALISM_ARTICLE			"le féodalisme"
ADVANCE_FEUDALISM_PREPOSITION			"du féodalisme"
ADVANCE_GEOMETRY_ARTICLE			"la géométrie"
ADVANCE_GEOMETRY_PREPOSITION			"de la géométrie"
ADVANCE_HULL_MAKING_ARTICLE			"la fabrication de coques"
ADVANCE_HULL_MAKING_PREPOSITION			"de la fabrication de coques"
ADVANCE_BUREAUCRACY_ARTICLE			"la bureaucratie"
ADVANCE_BUREAUCRACY_PREPOSITION			"de la bureaucratie"
ADVANCE_AGRICULTURAL_REVOLUTION_ARTICLE		"la révolution agricole "
ADVANCE_AGRICULTURAL_REVOLUTION_PREPOSITION	"de la révolution agricole "
ADVANCE_THEOLOGY_ARTICLE			"la théologie"
ADVANCE_THEOLOGY_PREPOSITION			"de la théologie"
ADVANCE_CLASSICAL_EDUCATION_ARTICLE		"l'éducation classique"
ADVANCE_CLASSICAL_EDUCATION_PREPOSITION		"de l'éducation classique"
ADVANCE_BANKING_ARTICLE				"les opérations bancaires"
ADVANCE_BANKING_PREPOSITION			"des opérations bancaires"
ADVANCE_OCEAN_FARING_ARTICLE			"l'exploration maritime"
ADVANCE_OCEAN_FARING_PREPOSITION		"de l'exploration maritime"
ADVANCE_PRINTING_PRESS_ARTICLE			"l'imprimerie"
ADVANCE_PRINTING_PRESS_PREPOSITION		"de l'imprimerie"
ADVANCE_GUNPOWDER_ARTICLE			"la poudre à canon"
ADVANCE_GUNPOWDER_PREPOSITION			"de la poudre à canon"
ADVANCE_CAVALRY_TACTICS_ARTICLE			"les tactiques de cavalerie"
ADVANCE_CAVALRY_TACTICS_PREPOSITION		"des tactiques de cavalerie"
ADVANCE_OPTICS_ARTICLE				"l'optique"
ADVANCE_OPTICS_PREPOSITION			"de l'optique"
ADVANCE_FASCISM_ARTICLE				"le fascisme"
ADVANCE_FASCISM_PREPOSITION			"du fascisme"
ADVANCE_CANNON_MAKING_ARTICLE			"la fabrication de canons"
ADVANCE_CANNON_MAKING_PREPOSITION		"de la fabrication de canons"
ADVANCE_CHEMISTRY_ARTICLE			"la chimie"
ADVANCE_CHEMISTRY_PREPOSITION			"de la chimie"
ADVANCE_AGE_OF_REASON_ARTICLE			"l'âge de raison"
ADVANCE_AGE_OF_REASON_PREPOSITION		"de l'âge de raison"
ADVANCE_NAVAL_TACTICS_ARTICLE			"les tactiques navales"
ADVANCE_NAVAL_TACTICS_PREPOSITION		"des tactiques navales"
ADVANCE_PHYSICS_ARTICLE				"la physique"
ADVANCE_PHYSICS_PREPOSITION			"de la physique"
ADVANCE_DEMOCRACY_ARTICLE			"la démocratie"
ADVANCE_DEMOCRACY_PREPOSITION			"de la démocratie"
ADVANCE_NATIONALISM_ARTICLE			"le nationalisme"
ADVANCE_NATIONALISM_PREPOSITION			"du nationalisme"
ADVANCE_MODERN_METALLURGY_ARTICLE		"la métallurgie moderne"
ADVANCE_MODERN_METALLURGY_PREPOSITION		"de la métallurgie moderne"
ADVANCE_ECONOMICS_ARTICLE			"l'économie"
ADVANCE_ECONOMICS_PREPOSITION			"de l'économie"
ADVANCE_RAILROAD_ARTICLE			"les chemins de fer"
ADVANCE_RAILROAD_PREPOSITION			"des chemins de fer"
ADVANCE_INDUSTRIAL_REVOLUTION_ARTICLE		"la révolution industrielle"
ADVANCE_INDUSTRIAL_REVOLUTION_PREPOSITION	"de la révolution industrielle"
ADVANCE_COMMUNISM_ARTICLE			"le communisme"
ADVANCE_COMMUNISM_PREPOSITION			"du communisme"
ADVANCE_EXPLOSIVES_ARTICLE			"les explosifs"
ADVANCE_EXPLOSIVES_PREPOSITION			"des explosifs"
ADVANCE_OIL_REFINING_ARTICLE			"le raffinage du pétrole"
ADVANCE_OIL_REFINING_PREPOSITION		"du raffinage du pétrole"
ADVANCE_ELECTRICITY_ARTICLE			"l'électricité"
ADVANCE_ELECTRICITY_PREPOSITION			"de l'électricité"
ADVANCE_PHARMACEUTICALS_ARTICLE			"l'industrie pharmaceutique"
ADVANCE_PHARMACEUTICALS_PREPOSITION		"de l'industrie pharmaceutique"
ADVANCE_INTERNAL_COMBUSTION_ARTICLE		"la combustion interne"
ADVANCE_INTERNAL_COMBUSTION_PREPOSITION		"de la combustion interne"
ADVANCE_MASS_PRODUCTION_ARTICLE			"la production de masse"
ADVANCE_MASS_PRODUCTION_PREPOSITION		"de la production de masse"
ADVANCE_MASS_MEDIA_ARTICLE			"les médias"
ADVANCE_MASS_MEDIA_PREPOSITION			"des médias"
ADVANCE_ADV_NAVAL_TACTICS_ARTICLE		"les tactiques navales avancées"
ADVANCE_ADV_NAVAL_TACTICS_PREPOSITION		"des tactiques navales avancées"
ADVANCE_AERODYNAMICS_ARTICLE			"l'aérodynamique"
ADVANCE_AERODYNAMICS_PREPOSITION		"de l'aérodynamique"
ADVANCE_CORPORATION_ARTICLE			"le consortium"
ADVANCE_CORPORATION_PREPOSITION			"du consortium"
ADVANCE_CRIMINAL_CODE_ARTICLE			"le code pénal"
ADVANCE_CRIMINAL_CODE_PREPOSITION		"du code pénal"
ADVANCE_JET_PROPULSION_ARTICLE			"la propulsion à réaction"
ADVANCE_JET_PROPULSION_PREPOSITION		"de la propulsion à réaction"
ADVANCE_TANK_WARFARE_ARTICLE			"la guerre des blindés"
ADVANCE_TANK_WARFARE_PREPOSITION		"de la guerre des blindés"
ADVANCE_MEDICINE_ARTICLE			"la médecine moderne"
ADVANCE_MEDICINE_PREPOSITION			"de la médecine moderne"
ADVANCE_VERTICAL_FLIGHT_AIRCRAFT_ARTICLE	"l'avion à décollage vertical"
ADVANCE_VERTICAL_FLIGHT_AIRCRAFT_PREPOSITION	"de l'avion à décollage vertical"
ADVANCE_NAVAL_AVIATION_ARTICLE			"l'aviation navale"
ADVANCE_NAVAL_AVIATION_PREPOSITION		"de l'aviation navale"
ADVANCE_RADAR_ARTICLE				"le radar"
ADVANCE_RADAR_PREPOSITION			"du radar"
ADVANCE_QUANTUM_MECHANICS_ARTICLE		"la physique quantique"
ADVANCE_QUANTUM_MECHANICS_PREPOSITION		"de la physique quantique"
ADVANCE_CORPORATE_REPUBLIC_ARTICLE		"la république corporatiste"
ADVANCE_CORPORATE_REPUBLIC_PREPOSITION		"de la république corporatiste"
ADVANCE_GLOBAL_ECONOMICS_ARTICLE		"l'économie mondiale"
ADVANCE_GLOBAL_ECONOMICS_PREPOSITION		"de l'économie mondiale"
ADVANCE_COMPUTER_ARTICLE			"l'informatique"
ADVANCE_COMPUTER_PREPOSITION			"de l'informatique"
ADVANCE_MASS_TRANSIT_ARTICLE			"le transport de masse"
ADVANCE_MASS_TRANSIT_PREPOSITION		"du transport de masse"
ADVANCE_ADV_INFANTRY_TACTICS_ARTICLE		"les tactiques d'infanterie avancées"
ADVANCE_ADV_INFANTRY_TACTICS_PREPOSITION	"des tactiques d'infanterie avancées"
ADVANCE_ADV_URBAN_PLANNING_ARTICLE		"l'urbanisme avancé"
ADVANCE_ADV_URBAN_PLANNING_PREPOSITION		"de l'urbanisme avancé"
ADVANCE_SUPERSONIC_FLIGHT_ARTICLE		"le vol supersonique"
ADVANCE_SUPERSONIC_FLIGHT_PREPOSITION		"du vol supersonique"
ADVANCE_CONSERVATION_ARTICLE			"l'écologie"
ADVANCE_CONSERVATION_PREPOSITION		"de l'écologie"
ADVANCE_GUIDED_WEAPON_SYSTEMS_ARTICLE		"les armes téléguidées"
ADVANCE_GUIDED_WEAPON_SYSTEMS_PREPOSITION	"des armes téléguidées"
ADVANCE_GLOBAL_DEFENSE_ARTICLE			"la défense mondiale"
ADVANCE_GLOBAL_DEFENSE_PREPOSITION		"de la défense mondiale"
ADVANCE_NUCLEAR_POWER_ARTICLE			"la puissance nucléaire"
ADVANCE_NUCLEAR_POWER_PREPOSITION		"de la puissance nucléaire"
ADVANCE_FUEL_CELLS_ARTICLE			"les cellules de carburant"
ADVANCE_FUEL_CELLS_PREPOSITION			"des cellules de carburant"
ADVANCE_ADVANCED_COMPOSITES_ARTICLE		"les matériaux composites avancés"
ADVANCE_ADVANCED_COMPOSITES_PREPOSITION		"des matériaux composites avancés"
ADVANCE_GLOBAL_COMMUNICATIONS_ARTICLE		"les communications mondiales"
ADVANCE_GLOBAL_COMMUNICATIONS_PREPOSITION	"des communications mondiales"
ADVANCE_ARCOLOGIES_ARTICLE			"les arcologies"
ADVANCE_ARCOLOGIES_PREPOSITION			"des arcologies"
ADVANCE_LIQUID_BREATHING_APPARATUS_ARTICLE	"la respiration amphibie"
ADVANCE_LIQUID_BREATHING_APPARATUS_PREPOSITION	"de la respiration amphibie"
ADVANCE_SPACE_FLIGHT_ARTICLE			"le vol spatial"
ADVANCE_SPACE_FLIGHT_PREPOSITION		"du vol spatial"
ADVANCE_HT_SUPERCONDUCTOR_ARTICLE		"les supraconducteurs"
ADVANCE_HT_SUPERCONDUCTOR_PREPOSITION		"des supraconducteurs"
ADVANCE_ROBOTICS_ARTICLE			"la robotique"
ADVANCE_ROBOTICS_PREPOSITION			"de la robotique"
ADVANCE_AI_SURVEILLANCE_ARTICLE			"la surveillance informatique"
ADVANCE_AI_SURVEILLANCE_PREPOSITION		"de la surveillance informatique"
ADVANCE_GENETICS_ARTICLE			"la génétique"
ADVANCE_GENETICS_PREPOSITION			"de la génétique"
ADVANCE_TECHNOCRACY_ARTICLE			"la technocratie"
ADVANCE_TECHNOCRACY_PREPOSITION			"de la technocratie"
ADVANCE_DIGITAL_ENCRYPTION_ARTICLE		"le codage numérique"
ADVANCE_DIGITAL_ENCRYPTION_PREPOSITION		"du codage numérique"
ADVANCE_SUBNEURAL_ADS_ARTICLE			"le message subliminal"
ADVANCE_SUBNEURAL_ADS_PREPOSITION		"du message subliminal"
ADVANCE_CHAOS_THEORY_ARTICLE			"la théorie du chaos"
ADVANCE_CHAOS_THEORY_PREPOSITION		"de la théorie du chaos"
ADVANCE_NEURAL_INTERFACE_ARTICLE		"l'interface neurale"
ADVANCE_NEURAL_INTERFACE_PREPOSITION		"de l'interface neurale"
ADVANCE_NANO_ASSEMBLY_ARTICLE			"le nano-montage"
ADVANCE_NANO_ASSEMBLY_PREPOSITION		"du nano-montage"
ADVANCE_EUGENICS_ARTICLE			"la thérapie génique"
ADVANCE_EUGENICS_PREPOSITION			"de la thérapie génique"
ADVANCE_UNIFIED_PHYSICS_ARTICLE			"la physique unifiée"
ADVANCE_UNIFIED_PHYSICS_PREPOSITION		"de la physique unifiée"
ADVANCE_NANO_MACHINES_ARTICLE			"les nano-machines"
ADVANCE_NANO_MACHINES_PREPOSITION		"des nano-machines"
ADVANCE_HUMAN_CLONING_ARTICLE			"le clonage humain"
ADVANCE_HUMAN_CLONING_PREPOSITION		"du clonage humain"
ADVANCE_FUSION_ARTICLE				"la fusion"
ADVANCE_FUSION_PREPOSITION			"de la fusion"
ADVANCE_ULTRAPRESSURE_MACHINERY_ARTICLE		"les machines à ultrapression"
ADVANCE_ULTRAPRESSURE_MACHINERY_PREPOSITION	"des machines à ultrapression"
ADVANCE_CYBERNETICS_ARTICLE			"la cybernétique"
ADVANCE_CYBERNETICS_PREPOSITION			"de la cybernétique"
ADVANCE_NEURAL_REPROGRAMMING_ARTICLE		"la reprogrammation neurale"
ADVANCE_NEURAL_REPROGRAMMING_PREPOSITION	"de la reprogrammation neurale"
ADVANCE_PLASMA_WEAPONRY_ARTICLE			"les armes à plasma"
ADVANCE_PLASMA_WEAPONRY_PREPOSITION		"des armes à plasma"
ADVANCE_VIRTUAL_DEMOCRACY_ARTICLE		"la démocratie virtuelle"
ADVANCE_VIRTUAL_DEMOCRACY_PREPOSITION		"de la démocratie virtuelle"
ADVANCE_GENETIC_TAILORING_ARTICLE		"le génie génétique"
ADVANCE_GENETIC_TAILORING_PREPOSITION		"du génie génétique"
ADVANCE_NANO_WARFARE_ARTICLE			"la guerre nano-technologique"
ADVANCE_NANO_WARFARE_PREPOSITION		"de la guerre nano-technologique"
ADVANCE_ECOTOPIA_ARTICLE			"l'écotopie"
ADVANCE_ECOTOPIA_PREPOSITION			"de l'écotopie"
ADVANCE_GAIA_THEORY_ARTICLE			"la théorie de Gaia"
ADVANCE_GAIA_THEORY_PREPOSITION			"de la théorie de Gaia"
ADVANCE_LIFE_EXTENSION_ARTICLE			"la prolongation de la vie"
ADVANCE_LIFE_EXTENSION_PREPOSITION		"de la prolongation de la vie"
ADVANCE_SMART_MATERIALS_ARTICLE			"les matériaux intelligents"
ADVANCE_SMART_MATERIALS_PREPOSITION		"des matériaux intelligents"
ADVANCE_GAIA_CONTROLLER_ARTICLE			"le contrôleur de Gaia"
ADVANCE_GAIA_CONTROLLER_PREPOSITION		"du contrôleur de Gaia"

TERRAIN_ARCTIC_MOUNTAIN_GOOD_ONE_ARTICLE	"les rubis"
TERRAIN_ARTIC_MOUNTAIN_GOOD_TWO_ARTICLE		"les diamants"
TERRAIN_MOUNTAIN_GOOD_ONE_ARTICLE		"le thé"
TERRAIN_MOUNTAIN_GOOD_TWO_ARTICLE		"les émeraudes"
TERRAIN_DESERT_GOOD_TWO_ARTICLE			"le verre"
TERRAIN_DESERT_GOOD_ONE_ARTICLE			"le pétrole"
TERRAIN_FOREST_GOOD_ONE_ARTICLE			"le bois dur"
TERRAIN_FOREST_GOOD_TWO_ARTICLE			"les ours"
#TERRAIN_GLACIER_GOOD_ONE_ARTICLE		"les morses"
TERRAIN_GRASSLAND_GOOD_ONE_ARTICLE		"le coton/lin"
TERRAIN_GRASSLAND_GOOD_TWO_ARTICLE		"le tabac"
TERRAIN_HILL_GOOD_ONE_ARTICLE			"le café"
TERRAIN_HILL_GOOD_TWO_ARTICLE			"le raisin"
TERRAIN_JUNGLE_GOOD_ONE_ARTICLE			"les herbes médicinales"
TERRAIN_JUNGLE_GOOD_TWO_ARTICLE			"le jade"
TERRAIN_PLAINS_GOOD_ONE_ARTICLE			"les épices"
TERRAIN_PLAINS_GOOD_TWO_ARTICLE			"les éléphants"
TERRAIN_SWAMP_GOOD_ONE_ARTICLE			"les alligators"
TERRAIN_TUNDRA_GOOD_ONE_ARTICLE			"les caribous"
TERRAIN_WATER_SHALLOW_GOOD_ONE_ARTICLE		"les crabes"
TERRAIN_WATER_SHALLOW_GOOD_TWO_ARTICLE		"les perles"
TERRAIN_WATER_DEEP_GOOD_ONE_ARTICLE		"les baleines"
TERRAIN_WATER_DEEP_GOOD_TWO_ARTICLE		"les calmars géants"
#TERRAIN_WATER_BEACH_GOOD_ONE_ARTICLE		"les crabes"
#TERRAIN_WATER_BEACH_GOOD_TWO_ARTICLE		"les perles"
#TERRAIN_WATER_SHELF_GOOD_ONE_ARTICLE		"les crabes"
#TERRAIN_WATER_SHELF_GOOD_TWO_ARTICLE		"les perles"
TERRAIN_DUMMY_GOOD_ARTICLE			"les babioles"

TERRAIN_ARCTIC_MOUNTAIN_GOOD_ONE_SOME		"des rubis"
TERRAIN_ARTIC_MOUNTAIN_GOOD_TWO_SOME		"des diamants"
TERRAIN_MOUNTAIN_GOOD_ONE_SOME			"du thé"
TERRAIN_MOUNTAIN_GOOD_TWO_SOME			"des émeraudes"
TERRAIN_DESERT_GOOD_TWO_SOME			"du verre"
TERRAIN_DESERT_GOOD_ONE_SOME			"du pétrole"
TERRAIN_FOREST_GOOD_ONE_SOME			"du bois dur"
TERRAIN_FOREST_GOOD_TWO_SOME			"des ours"
#TERRAIN_GLACIER_GOOD_ONE_SOME			"des morses"
TERRAIN_GRASSLAND_GOOD_ONE_SOME			"du coton/lin"
TERRAIN_GRASSLAND_GOOD_TWO_SOME			"du tabac"
TERRAIN_HILL_GOOD_ONE_SOME			"du café"
TERRAIN_HILL_GOOD_TWO_SOME			"du raisin"
TERRAIN_JUNGLE_GOOD_ONE_SOME			"des herbes médicinales"
TERRAIN_JUNGLE_GOOD_TWO_SOME			"du jade"
TERRAIN_PLAINS_GOOD_ONE_SOME			"des épices"
TERRAIN_PLAINS_GOOD_TWO_SOME			"des éléphants"
TERRAIN_SWAMP_GOOD_ONE_SOME			"des alligators"
TERRAIN_TUNDRA_GOOD_ONE_SOME			"des caribous"
TERRAIN_WATER_SHALLOW_GOOD_ONE_SOME		"des crabes"
TERRAIN_WATER_SHALLOW_GOOD_TWO_SOME		"des perles"
TERRAIN_WATER_DEEP_GOOD_ONE_SOME		"des baleines"
TERRAIN_WATER_DEEP_GOOD_TWO_SOME		"des calmars géants"
#TERRAIN_WATER_BEACH_GOOD_ONE_SOME		"des crabes"
#TERRAIN_WATER_BEACH_GOOD_TWO_SOME		"des perles"
#TERRAIN_WATER_SHELF_GOOD_ONE_SOME		"des crabes"
#TERRAIN_WATER_SHELF_GOOD_TWO_SOME		"des perles"
TERRAIN_DUMMY_GOOD_SOME				"des babioles"

GOVERNMENT_ANARCHY_ARTICLE			"l'anarchie"
GOVERNMENT_TYRANNY_ARTICLE			"la tyrannie"
GOVERNMENT_MONARCHY_ARTICLE			"la monarchie"
GOVERNMENT_THEOCRACY_ARTICLE			"la théocratie"
GOVERNMENT_COMMUNISM_ARTICLE			"le communisme"
GOVERNMENT_FASCISM_ARTICLE			"le fascisme"
GOVERNMENT_REPUBLIC_ARTICLE			"la république"
GOVERNMENT_DEMOCRACY_ARTICLE			"la démocratie"
GOVERNMENT_CORPORATE_REPUBLIC_ARTICLE		"la république corporatiste"
GOVERNMENT_ECOTOPIA_ARTICLE			"l'écotopie"
GOVERNMENT_TECHNOCRACY_ARTICLE			"la technocratie"
GOVERNMENT_VIRTUAL_DEMOCRACY_ARTICLE		"la démocratie virtuelle"

#### WONDER STRINGS ####
WONDER_PYRAMIDS_PREPOSITION			"des pyramides"
WONDER_RAMAYANA_PREPOSITION			"du Ramayana"
WONDER_GREAT_WALL_PREPOSITION			"de la Grande Muraille"
WONDER_THE_APPIAN_WAY_PREPOSITION		"de la Via Appia"
WONDER_CHICHEN_ITZA_PREPOSITION			"de Chichen Itza"
WONDER_CENTRAL_MATTER_DECOMPILER_PREPOSITION	"du dématérialisateur central"
WONDER_THE_FORBIDDEN_CITY_PREPOSITION		"de la Cité interdite"
WONDER_ARISTOTLES_LYCEUM_PREPOSITION		"du lycée d'Aristote"
WONDER_HAGIA_SOPHIA_PREPOSITION			"de la Hagia Sophia"
WONDER_GUTTENBERGS_BIBLE_PREPOSITION		"de la bible de Gutenberg"
WONDER_EAST_INDIA_COMPANY_PREPOSITION		"de la Compagnie des Indes"
WONDER_GALILEOS_TELESCOPE_PREPOSITION		"du télescope de Galilée"
WONDER_EMANCIPATION_PROCLAMATION_PREPOSITION	"de l'affranchissement"
WONDER_PENICILLIN_PREPOSITION			"de la pénicilline"
WONDER_LONDON_EXCHANGE_PREPOSITION		"de la bourse de Londres"
WONDER_EMPIRE_STATE_BUILDING_PREPOSITION	"de l'Empire State Building"
WONDER_HOLLYWOOD_PREPOSITION			"de Hollywood"
WONDER_INTERNET_PREPOSITION			"de l'Internet"
WONDER_THE_AGENCY_PREPOSITION			"de l'agence secrète"
WONDER_GLOBESAT_PREPOSITION			"du GlobeSat"
WONDER_FIELD_DYNAMICS_LABORATORY_PREPOSITION	"du labo de dynamique"
WONDER_DATA_HAVEN_PREPOSITION			"du paradis numérique"
WONDER_GENOME_PROJECT_PREPOSITION		"du projet de génome"
ONDER_GLOBAL_SURVEILLANCE_CENTER_PREPOSITION	"de la surveillance mondiale"
WONDER_NANITE_DEFUSER_PREPOSITION		"du désamorceur à nanites"
WONDER_NATIONAL_SHIELD_PREPOSITION		"du bouclier national"
WONDER_EGALITARIAN_ACT_PREPOSITION		"de l'acte d'égalité"
WONDER_THE_EDEN_PROJECT_PREPOSITION		"du projet Eden"
WONDER_THE_SOLARIS_PROJECT_PREPOSITION		"du projet Solaris"
WONDER_ZERO_CRIME_BILL_PREPOSITION		"de la loi anticriminalité"

WONDER_PYRAMIDS_ARTICLE				"les pyramides"
WONDER_RAMAYANA_ARTICLE				"le Ramayana"
WONDER_GREAT_WALL_ARTICLE			"la Grande Muraille"
WONDER_THE_APPIAN_WAY_ARTICLE			"la Via Appia"
WONDER_CHICHEN_ITZA_ARTICLE			"Chitchen Itza"
WONDER_CENTRAL_MATTER_DECOMPILER_ARTICLE	"le dématérialisateur central"
WONDER_THE_FORBIDDEN_CITY_ARTICLE		"la Cité interdite"
WONDER_ARISTOTLES_LYCEUM_ARTICLE		"le lycée d'Aristote"
WONDER_HAGIA_SOPHIA_ARTICLE			"la Hagia Sophia"
WONDER_GUTTENBERGS_BIBLE_ARTICLE		"la bible de Gutenberg"
WONDER_EAST_INDIA_COMPANY_ARTICLE		"la Compagnie des Indes"
WONDER_GALILEOS_TELESCOPE_ARTICLE		"le télescope de Galilée"
WONDER_EMANCIPATION_PROCLAMATION_ARTICLE	"l'affranchissement"
WONDER_PENICILLIN_ARTICLE			"la pénicilline"
WONDER_LONDON_EXCHANGE_ARTICLE			"la bourse de Londres"
WONDER_EMPIRE_STATE_BUILDING_ARTICLE		"l'Empire State Building"
WONDER_HOLLYWOOD_ARTICLE			"Hollywood"
WONDER_INTERNET_ARTICLE				"l'Internet"
WONDER_THE_AGENCY_ARTICLE			"l'agence secrète"
WONDER_GLOBESAT_ARTICLE				"le GlobeSat"
WONDER_FIELD_DYNAMICS_LABORATORY_ARTICLE	"le labo de dynamique"
WONDER_DATA_HAVEN_ARTICLE			"le paradis numérique"
WONDER_GENOME_PROJECT_ARTICLE			"le projet de génome"
WONDER_GLOBAL_SURVEILLANCE_CENTER_ARTICLE	"la surveillance mondiale"
WONDER_NANITE_DEFUSER_ARTICLE			"le désarmorceur à nanites"
WONDER_NATIONAL_SHIELD_ARTICLE			"le bouclier national"
WONDER_EGALITARIAN_ACT_ARTICLE			"l'acte d'égalité"
WONDER_THE_EDEN_PROJECT_ARTICLE			"le projet Eden"
WONDER_THE_SOLARIS_PROJECT_ARTICLE		"le projet Solaris"
WONDER_ZERO_CRIME_BILL_ARTICLE			"la loi anticriminalité"



#### improvements STRINGS ####
IMPROVE_GRANARY_PREPOSITION			"du grenier"
IMPROVE_CITY_WALLS_PREPOSITION			"des remparts"
IMPROVE_SHRINE_PREPOSITION			"des lieux saints"
IMPROVE_COURTHOUSE_PREPOSITION			"du tribunal"
IMPROVE_BALLISTA_TOWERS_PREPOSITION		"des balistes"
IMPROVE_AQUEDUCT_PREPOSITION			"de l'aqueduc"
IMPROVE_THEATER_PREPOSITION			"du théâtre"
IMPROVE_BAZAAR_PREPOSITION			"du bazar"
IMPROVE_ACADEMY_PREPOSITION			"de l'académie"
IMPROVE_ARENA_PREPOSITION			"de l'arène"
IMPROVE_CAPITOL_PREPOSITION			"du palais"
IMPROVE_MILL_PREPOSITION			"du moulin"
IMPROVE_BASCILICA_PREPOSITION			"de la basilique"
IMPROVE_UNIVERSITY_PREPOSITION			"de l'université"
IMPROVE_BANK_PREPOSITION			"de la banque"
IMPROVE_PUBLISHING_HOUSE_PREPOSITION		"de la maison d'édition"
IMPROVE_BATTLEMENTS_PREPOSITION			"de la muraille"
IMPROVE_BROKERAGE_PREPOSITION			"du courtage"
IMPROVE_FOOD_SILO_PREPOSITION			"silo de nourriture"
IMPROVE_FACTORY_PREPOSITION			"de l'usine"
IMPROVE_OIL_REFINERY_PREPOSITION		"de la raffinerie"
IMPROVE_MOVIE_PALACE_PREPOSITION		"du cinéma"
IMPROVE_DRUG_STORE_PREPOSITION			"de la pharmacie"
IMPROVE_TELEVISION_PREPOSITION			"de la télévision"
IMPROVE_AIRPORT_PREPOSITION			"de l'aéroport"
IMPROVE_CORRECTIONAL_FACILITY_PREPOSITION	"de la maison de correction"
IMPROVE_HOSPITAL_PREPOSITION			"de l'hôpital"
IMPROVE_FLAK_TOWERS_PREPOSITION			"de la tour antiaérienne"
IMPROVE_COMPUTER_CENTER_PREPOSITION		"du centre informatique"
IMPROVE_PUBLIC_TRANSPORTATION_PREPOSITION	"des transports publics"
IMPROVE_RECYCLING_PLANT_PREPOSITION		"de l'usine de recyclage"
IMPROVE_NUCLEAR_PLANT_PREPOSITION		"de la centrale nucléaire"
IMPROVE_ECO_TRANSIT_PREPOSITION			"de l'éco-transit"
IMPROVE_ANTI_BALLISTIC_MISSILES_PREPOSITION	"des missiles balistiques"
IMPROVE_ARCOLOGIES_PREPOSITION			"des arcologies"
IMPROVE_ORBITAL_LABORATORY_PREPOSITION		"du laboratoire orbital"
IMPROVE_ROBOTIC_PLANT_PREPOSITION		"de l'usine robotisée"
IMPROVE_SECURITY_MONITOR_PREPOSITION		"du contrôleur de sécurité"
IMPROVE_E_BANK_PREPOSITION			"de l'e-banque"
IMPROVE_VR_AMUSEMENT_PARK_PREPOSITION		"du parc d'attractions virtuel"
IMPROVE_NANITE_FACTORY_PREPOSITION		"de l'usine de nanites"
IMPROVE_FORCEFIELD_PREPOSITION			"du champ de force"
IMPROVE_AQUA_FILTER_PREPOSITION			"de l'hydro-filtre"
IMPROVE_INCUBATION_CENTER_PREPOSITION		"du centre d'incubation"
IMPROVE_FUSION_PLANT_PREPOSITION		"de la centrale à fusion"
IMPROVE_BEHAVIORAL_MOD_CENTER_PREPOSITION	"du centre comportemental"
IMPROVE_CORNUCOPIC_VAT_PREPOSITION		"des nutrimodules"
IMPROVE_MICRO_DEFENSE_PREPOSITION		"de la micro-défense"
IMPROVE_MATTER_DECOMPILER_PREPOSITION		"du dématérialisateur"
IMPROVE_BODY_EXCHANGE_PREPOSITION		"de l'échange corporel"
IMPROVE_GAIA_COMPUTER_PREPOSITION		"de l'ordinateur de Gaia"
IMPROVE_POWER_SATELLITE_PREPOSITION		"du satellite de Gaia"

#### TILE IMPROVEMENT STRINGS #######
TILEIMP_FARMS_PREPOSITION			"de la ferme"
TILEIMP_ADVANCED_FARMS_PREPOSITION		"de la ferme avancée"
TILEIMP_HYDROPONIC_FARMS_PREPOSITION		"de la ferme hydroponique"
TILEIMP_MINES_PREPOSITION			"de la mine"
TILEIMP_ADVANCED_MINES_PREPOSITION		"de la mine avancée"
TILEIMP_MEGA_MINES_PREPOSITION			"de la méga mine"
TILEIMP_TRADING_POST_PREPOSITION		"du poste de commerce"
TILEIMP_OUTLET_MALL_PREPOSITION			"du centre commercial"
TILEIMP_NATURE_PRESERVE_PREPOSITION		"de la réserve naturelle"
TILEIMP_UNDERSEA_MINES_PREPOSITION		"de la mine sous-marine"
TILEIMP_ADVANCED_UNDERSEA_MINES_PREPOSITION	"de la mine sous-marine avancée"
TILEIMP_MEGA_UNDERSEA_MINES_PREPOSITION		"de la méga mine sous-marine"
TILEIMP_PORT_PREPOSITION			"du port"
TILEIMP_DRILLING_PLATFORM_PREPOSITION		"de la plate-forme de forage"
TILEIMP_NETS_PREPOSITION			"du filet"
TILEIMP_FISHERIES_PREPOSITION			"de la pêcherie"
TILEIMP_AUTOMATED_FISHERIES_PREPOSITION		"de la pêcherie automatisée"
TILEIMP_RUINS_PREPOSITION			"de la ruine"
TILEIMP_ROAD_PREPOSITION			"de la route"
TILEIMP_RAILROAD_PREPOSITION			"des chemins de fer"
TILEIMP_MAGLEV_PREPOSITION			"du train express magnétique"
TILEIMP_UNDERSEA_TUNNEL_PREPOSITION		"du tunnel sous-marin"
TILEIMP_LISTENING_POSTS_PREPOSITION		"du poste d'écoute"
TILEIMP_AIR_BASES_PREPOSITION			"de la base aérienne"
TILEIMP_FORTIFICATIONS_PREPOSITION		"des fortifications"
TILEIMP_RADAR_STATIONS_PREPOSITION		"de la station radar"
TILEIMP_SONAR_BUOYS_PREPOSITION			"de la bouée sonar"
TILEIMP_PROCESSING_TOWER_PREPOSITION		"de l'obélisque"


#### Units STRINGS ####
UNIT_SETTLER_PREPOSITION			"du colon"
UNIT_WARRIOR_PREPOSITION			"du guerrier"
UNIT_CATAMARAN_PREPOSITION			"du coracle"
UNIT_HOPLITE_PREPOSITION			"du hoplite"
UNIT_ARCHER_PREPOSITION				"de l'archer"
UNIT_SLAVER_PREPOSITION				"de l'esclavagiste"
UNIT_SWORDSMAN_PREPOSITION			"du samouraï"
UNIT_MOUNTED_ARCHER_PREPOSITION			"de l'archer monté"
UNIT_CARAVAN_PREPOSITION			"de la caravane"
UNIT_FIRE_TRIREME_PREPOSITION			"de la trirème à feu grégeois"
UNIT_KNIGHT_PREPOSITION				"du chevalier"
UNIT_CATAPULT_PREPOSITION			"de la catapulte"
UNIT_LONGSHIP_PREPOSITION			"du drakkar"
UNIT_DIPLOMAT_PREPOSITION			"du diplomate"
UNIT_PIKEMEN_PREPOSITION			"du piquier"
UNIT_CLERIC_PREPOSITION				"du prêtre"
UNIT_ABOLITIONIST_PREPOSITION			"de l'abolitionniste"
UNIT_CARRACK_PREPOSITION			"du carrack"
UNIT_INFANTRYMAN_PREPOSITION			"du fantassin"
UNIT_CAVALRY_PREPOSITION			"de la cavalerie"
UNIT_FASCIST_PREPOSITION			"du fasciste"
UNIT_CANNON_PREPOSITION				"du canon"
UNIT_SHIP_OF_THE_LINE_PREPOSITION		"du navire de 1ère ligne"
UNIT_SPY_PREPOSITION				"de l'espion"
UNIT_IRONCLAD_PREPOSITION			"du blindé"
UNIT_MACHINE_GUNNER_PREPOSITION			"du mitrailleur"
UNIT_ARTILLERY_PREPOSITION			"de l'artillerie"
UNIT_SUBMARINE_PREPOSITION			"du sous-marin"
UNIT_TROOP_SHIP_PREPOSITION			"du transporteur de troupes"
UNIT_FRIGATE_PREPOSITION			"de la frégate"
UNIT_DESTROYER_PREPOSITION			"du contre-torpilleur"
UNIT_TELEVANGELIST_PREPOSITION			"du télévangéliste"
UNIT_BATTLESHIP_PREPOSITION			"du cuirassé"
UNIT_FIGHTER_PREPOSITION			"du chasseur"
UNIT_CORPORATE_BRANCH_PREPOSITION		"de la filiale"
UNIT_LAWYER_PREPOSITION				"de l'avocat"
UNIT_BOMBER_PREPOSITION				"du bombardier"
UNIT_TANK_PREPOSITION				"du char"
UNIT_CARGO_HELICOPTER_PREPOSITION		"de l'hélicoptère cargo"
UNIT_AIRCRAFT_CARRIER_PREPOSITION		"du porte-avions"
UNIT_MOBILE_SAM_PREPOSITION			"du MSA mobile"
UNIT_MARINE_PREPOSITION				"du marine"
UNIT_PARATROOPER_PREPOSITION			"du parachutiste"
UNIT_URBAN_PLANNER_PREPOSITION			"de l'urbaniste"
UNIT_INTERCEPTOR_PREPOSITION			"de l'intercepteur"
UNIT_CRUISE_MISSILE_PREPOSITION			"du missile de croisière"
UNIT_NUCLEAR_SUBMARINE_PREPOSITION		"du sous-marin nucléaire"
UNIT_NUKE_PREPOSITION				"du missile nucléaire"
UNIT_STEALTH_FIGHTER_PREPOSITION		"du chasseur furtif"
UNIT_STEALTH_BOMBER_PREPOSITION			"du bombardier furtif "
UNIT_SCOUT_SUB_PREPOSITION			"du sous-marin éclaireur"
UNIT_SPACE_PLANE_PREPOSITION			"de la navette spatiale"
UNIT_SPY_PLANE_PREPOSITION			"de l'avion espion"
UNIT_MOREY_STRIKER_PREPOSITION			"de la bathysphère"
UNIT_CYBERATTORNEY_PREPOSITION			"du cyberavocat"
UNIT_MOBILE_SUBNEURAL_AD_PREPOSITION		"du message subliminal"
UNIT_HOVER_INFANTRY_PREPOSITION			"de l'infanterie aéroportée"
UNIT_CYBER_NINJA_PREPOSITION			"du cyberninja"
UNIT_SEA_ENGINEER_PREPOSITION			"de l'ingénieur maritime"
UNIT_EMPATHIC_DIPLOMAT_PREPOSITION		"du diplomate empathique"
UNIT_FUSION_TANK_PREPOSITION			"du char à fusion"
UNIT_CRAWLER_PREPOSITION			"de l'Arachnidor"
UNIT_WAR_WALKER_PREPOSITION			"du faucheur"
UNIT_PLASMA_DESTROYER_PREPOSITION		"du destroyer à plasma"
UNIT_LEVIATHON_PREPOSITION			"du Léviathan"
UNIT_KRAKEN_PREPOSITION				"du Kraken"
UNIT_INFECTOR_PREPOSITION			"du contamineur"
UNIT_ECO_TERRORIST_PREPOSITION			"de l'écoterroriste"
UNIT_ECO_RANGER_PREPOSITION			"de l'éco-ranger"
UNIT_DREADNAUGHT_PREPOSITION			"de l'Invulnérable"
UNIT_CITY_PREPOSITION				"de la ville"
UNIT_OCEAN_CITY_PREPOSITION			"de la colonie marine"
UNIT_SPACE_CITY_PREPOSITION			"de la colonie spatiale"
UNIT_Z_FREIGHT_TRANSPORT_PREPOSITION 	 	"du fret"
